school,rationale_page,rationale_excerpt,deferred_maintenance_usd,deferred_maintenance_page,operating_savings,savings_page
Beattie Elementary,1,"the CPC determined that Beattie would be recommended due to its' current and projected enrollment, low utilization, facility design, proximity to other elementary schools, and how its' closure contributes to positively providing greater stability and programmatic opportunities for all students in the region.",1783790,2,"$1.89M a year, reported jointly with Johnson",1
Irish Elementary,5,"Irish Elementary has experienced continuously declining enrollment. [...] This scenario enables students to receive access to more extra-curriculars, programming, and more full-time staff by attending Bauder/CLPE.",1900000,6,"$1.91M a year, reported jointly with Putnam",5
Johnson Elementary,9,"Johnson Elementary ranked 1st in the region (lowest enrollment, lowest utilization, lowest FCA) on composite z scores [...] the CPC determined that Johnson would be recommended due its' combined z-score, proximity to other elementary schools and how its' closure contributed to positively providing greater stability and programmatic opportunities for all students in the region.",4457274,10,"$1.89M a year, reported jointly with Beattie",9
Putnam Elementary,17,"Putnam Elementary has experienced continuously declining enrollment. 5-year projections put Putnam Elementary with an enrollment of 98 students for the 2030-31 school year. [...] This scenario enables students to receive access to more extracurriculars, programming, and more full-time staff by attending Dunn/Tavelli.",5000000,18,"$1.91M a year, reported jointly with Irish",17
Livermore Elementary,13,"Analyses indicated concerns about access to emergency services and increased risk due to natural disasters with young children being geographically remote and the increased responsibility on school staff to ensure their safety. [...] This scenario enables students to receive access to more extracurriculars, programming, emergency services, and more full-time staff by attending Cache La Poudre Elementary.",1408350,14,$2.12M a year for the three mountain schools together,13
Red Feather Elementary,13,"Analyses indicated concerns about access to emergency services and increased risk due to natural disasters with young children being geographically remote and the increased responsibility on school staff to ensure their safety. [...] This scenario enables students to receive access to more extracurriculars, programming, emergency services, and more full-time staff by attending Cache La Poudre Elementary.",436081,14,$2.12M a year for the three mountain schools together,13
Stove Prairie Elementary,13,"Analyses indicated concerns about access to emergency services and increased risk due to natural disasters with young children being geographically remote and the increased responsibility on school staff to ensure their safety. [...] This scenario enables students to receive access to more extracurriculars, programming, emergency services, and more full-time staff by attending Cache La Poudre Elementary.",311745,14,$2.12M a year for the three mountain schools together,13
Timnath Elementary,21,Timnath Elementary is recommended for closure primarily due to its' facilities condition. It is not ADA compliant and creating physical accessibility would be a significant challenge.,6456149,22,"$750,000 a year",21
Blevins Middle,25,"Ultimately, Blevins was selected for closure due its' low projected enrollment and utilization, proximity to two other middle schools, and creating a healthier overall utilization in the west region of the district.",1875771,26,"$940,000 a year",25
Centennial HS,29,Poudre Community Academy and Centennial High School are good candidates to be consolidated into one alternative education campus. [...] members felt that more full-time staff and increased access to electives and programming opportunities would be more available at one campus than two to best serve students who have selected an alternative education program.,1763086,30,"$255,000 a year for the consolidation",29
Poudre Community Academy,29,Poudre Community Academy and Centennial High School are good candidates to be consolidated into one alternative education campus. [...] members felt that more full-time staff and increased access to electives and programming opportunities would be more available at one campus than two to best serve students who have selected an alternative education program.,1193797,30,"$255,000 a year for the consolidation",29
Bacon Elementary,21,"This scenario also recommends two boundary shifts. Reassign Grid Code 1254 from Bamford to Bacon. Reassign Grid Codes 1313 and 1314 from Werner to Bacon. Both boundary adjustments are recommended due to increased walkability in this region to Bacon, reducing some transportation routes.",,,,
