name,school_type,school_year,enrollment,fall_year
Zach Elementary,ES,2005-06,588,2005
Zach Elementary,ES,2006-07,573,2006
Zach Elementary,ES,2007-08,609,2007
Zach Elementary,ES,2008-09,621,2008
Zach Elementary,ES,2009-10,609,2009
Zach Elementary,ES,2010-11,607,2010
Zach Elementary,ES,2011-12,609,2011
Zach Elementary,ES,2012-13,616,2012
Zach Elementary,ES,2013-14,641,2013
Zach Elementary,ES,2014-15,666,2014
Zach Elementary,ES,2015-16,638,2015
Zach Elementary,ES,2016-17,602,2016
Zach Elementary,ES,2017-18,604,2017
Zach Elementary,ES,2018-19,570,2018
Zach Elementary,ES,2019-20,562,2019
Zach Elementary,ES,2020-21,514,2020
Zach Elementary,ES,2021-22,492,2021
Zach Elementary,ES,2022-23,475,2022
Zach Elementary,ES,2023-24,470,2023
Zach Elementary,ES,2024-25,492,2024
Bacon Elementary,ES,2005-06,443,2005
Bacon Elementary,ES,2006-07,447,2006
Bacon Elementary,ES,2007-08,492,2007
Bacon Elementary,ES,2008-09,485,2008
Bacon Elementary,ES,2009-10,433,2009
Bacon Elementary,ES,2010-11,474,2010
Bacon Elementary,ES,2011-12,519,2011
Bacon Elementary,ES,2012-13,530,2012
Bacon Elementary,ES,2013-14,503,2013
Bacon Elementary,ES,2014-15,519,2014
Bacon Elementary,ES,2015-16,524,2015
Bacon Elementary,ES,2016-17,525,2016
Bacon Elementary,ES,2017-18,500,2017
Bacon Elementary,ES,2018-19,528,2018
Bacon Elementary,ES,2019-20,557,2019
Bacon Elementary,ES,2020-21,479,2020
Bacon Elementary,ES,2021-22,409,2021
Bacon Elementary,ES,2022-23,384,2022
Bacon Elementary,ES,2023-24,380,2023
Bacon Elementary,ES,2024-25,377,2024
Tavelli Elementary,ES,2005-06,597,2005
Tavelli Elementary,ES,2006-07,607,2006
Tavelli Elementary,ES,2007-08,606,2007
Tavelli Elementary,ES,2008-09,637,2008
Tavelli Elementary,ES,2009-10,536,2009
Tavelli Elementary,ES,2010-11,540,2010
Tavelli Elementary,ES,2011-12,520,2011
Tavelli Elementary,ES,2012-13,532,2012
Tavelli Elementary,ES,2013-14,550,2013
Tavelli Elementary,ES,2014-15,582,2014
Tavelli Elementary,ES,2015-16,595,2015
Tavelli Elementary,ES,2016-17,579,2016
Tavelli Elementary,ES,2017-18,589,2017
Tavelli Elementary,ES,2018-19,585,2018
Tavelli Elementary,ES,2019-20,575,2019
Tavelli Elementary,ES,2020-21,535,2020
Tavelli Elementary,ES,2021-22,542,2021
Tavelli Elementary,ES,2022-23,526,2022
Tavelli Elementary,ES,2023-24,487,2023
Tavelli Elementary,ES,2024-25,494,2024
Lincoln Middle,MS,2005-06,524,2005
Lincoln Middle,MS,2006-07,483,2006
Lincoln Middle,MS,2007-08,406,2007
Lincoln Middle,MS,2008-09,409,2008
Lincoln Middle,MS,2009-10,436,2009
Lincoln Middle,MS,2010-11,478,2010
Lincoln Middle,MS,2011-12,506,2011
Lincoln Middle,MS,2012-13,493,2012
Lincoln Middle,MS,2013-14,488,2013
Lincoln Middle,MS,2014-15,504,2014
Lincoln Middle,MS,2015-16,548,2015
Lincoln Middle,MS,2016-17,532,2016
Lincoln Middle,MS,2017-18,568,2017
Lincoln Middle,MS,2018-19,615,2018
Lincoln Middle,MS,2019-20,607,2019
Lincoln Middle,MS,2020-21,579,2020
Lincoln Middle,MS,2021-22,539,2021
Lincoln Middle,MS,2022-23,539,2022
Lincoln Middle,MS,2023-24,549,2023
Lincoln Middle,MS,2024-25,550,2024
Irish Elementary,ES,2005-06,355,2005
Irish Elementary,ES,2006-07,359,2006
Irish Elementary,ES,2007-08,373,2007
Irish Elementary,ES,2008-09,348,2008
Irish Elementary,ES,2009-10,337,2009
Irish Elementary,ES,2010-11,321,2010
Irish Elementary,ES,2011-12,326,2011
Irish Elementary,ES,2012-13,317,2012
Irish Elementary,ES,2013-14,305,2013
Irish Elementary,ES,2014-15,309,2014
Irish Elementary,ES,2015-16,325,2015
Irish Elementary,ES,2016-17,337,2016
Irish Elementary,ES,2017-18,322,2017
Irish Elementary,ES,2018-19,336,2018
Irish Elementary,ES,2019-20,328,2019
Irish Elementary,ES,2020-21,304,2020
Irish Elementary,ES,2021-22,319,2021
Irish Elementary,ES,2022-23,289,2022
Irish Elementary,ES,2023-24,303,2023
Irish Elementary,ES,2024-25,311,2024
Putnam Elementary,ES,2005-06,351,2005
Putnam Elementary,ES,2006-07,379,2006
Putnam Elementary,ES,2007-08,387,2007
Putnam Elementary,ES,2008-09,368,2008
Putnam Elementary,ES,2009-10,322,2009
Putnam Elementary,ES,2010-11,356,2010
Putnam Elementary,ES,2011-12,332,2011
Putnam Elementary,ES,2012-13,313,2012
Putnam Elementary,ES,2013-14,318,2013
Putnam Elementary,ES,2014-15,317,2014
Putnam Elementary,ES,2015-16,329,2015
Putnam Elementary,ES,2016-17,279,2016
Putnam Elementary,ES,2017-18,297,2017
Putnam Elementary,ES,2018-19,282,2018
Putnam Elementary,ES,2019-20,268,2019
Putnam Elementary,ES,2020-21,261,2020
Putnam Elementary,ES,2021-22,253,2021
Putnam Elementary,ES,2022-23,236,2022
Putnam Elementary,ES,2023-24,200,2023
Putnam Elementary,ES,2024-25,203,2024
Polaris Expeditionary Learning School,Option,2005-06,131,2005
Polaris Expeditionary Learning School,Option,2006-07,119,2006
Polaris Expeditionary Learning School,Option,2007-08,190,2007
Polaris Expeditionary Learning School,Option,2008-09,184,2008
Polaris Expeditionary Learning School,Option,2009-10,208,2009
Polaris Expeditionary Learning School,Option,2010-11,232,2010
Polaris Expeditionary Learning School,Option,2011-12,261,2011
Polaris Expeditionary Learning School,Option,2012-13,278,2012
Polaris Expeditionary Learning School,Option,2013-14,284,2013
Polaris Expeditionary Learning School,Option,2014-15,295,2014
Polaris Expeditionary Learning School,Option,2015-16,385,2015
Polaris Expeditionary Learning School,Option,2016-17,398,2016
Polaris Expeditionary Learning School,Option,2017-18,401,2017
Polaris Expeditionary Learning School,Option,2018-19,393,2018
Polaris Expeditionary Learning School,Option,2019-20,393,2019
Polaris Expeditionary Learning School,Option,2020-21,361,2020
Polaris Expeditionary Learning School,Option,2021-22,383,2021
Polaris Expeditionary Learning School,Option,2022-23,381,2022
Polaris Expeditionary Learning School,Option,2023-24,378,2023
Polaris Expeditionary Learning School,Option,2024-25,397,2024
Laurel Elementary,ES,2005-06,351,2005
Laurel Elementary,ES,2006-07,307,2006
Laurel Elementary,ES,2007-08,349,2007
Laurel Elementary,ES,2008-09,400,2008
Laurel Elementary,ES,2009-10,355,2009
Laurel Elementary,ES,2010-11,382,2010
Laurel Elementary,ES,2011-12,406,2011
Laurel Elementary,ES,2012-13,413,2012
Laurel Elementary,ES,2013-14,421,2013
Laurel Elementary,ES,2014-15,423,2014
Laurel Elementary,ES,2015-16,436,2015
Laurel Elementary,ES,2016-17,445,2016
Laurel Elementary,ES,2017-18,447,2017
Laurel Elementary,ES,2018-19,463,2018
Laurel Elementary,ES,2019-20,417,2019
Laurel Elementary,ES,2020-21,377,2020
Laurel Elementary,ES,2021-22,405,2021
Laurel Elementary,ES,2022-23,433,2022
Laurel Elementary,ES,2023-24,405,2023
Laurel Elementary,ES,2024-25,388,2024
Bennett Elementary,ES,2005-06,407,2005
Bennett Elementary,ES,2006-07,428,2006
Bennett Elementary,ES,2007-08,456,2007
Bennett Elementary,ES,2008-09,485,2008
Bennett Elementary,ES,2009-10,454,2009
Bennett Elementary,ES,2010-11,468,2010
Bennett Elementary,ES,2011-12,478,2011
Bennett Elementary,ES,2012-13,494,2012
Bennett Elementary,ES,2013-14,492,2013
Bennett Elementary,ES,2014-15,509,2014
Bennett Elementary,ES,2015-16,494,2015
Bennett Elementary,ES,2016-17,496,2016
Bennett Elementary,ES,2017-18,485,2017
Bennett Elementary,ES,2018-19,481,2018
Bennett Elementary,ES,2019-20,453,2019
Bennett Elementary,ES,2020-21,405,2020
Bennett Elementary,ES,2021-22,379,2021
Bennett Elementary,ES,2022-23,393,2022
Bennett Elementary,ES,2023-24,368,2023
Bennett Elementary,ES,2024-25,346,2024
Riffenburgh Elementary,ES,2005-06,345,2005
Riffenburgh Elementary,ES,2006-07,383,2006
Riffenburgh Elementary,ES,2007-08,368,2007
Riffenburgh Elementary,ES,2008-09,336,2008
Riffenburgh Elementary,ES,2009-10,268,2009
Riffenburgh Elementary,ES,2010-11,272,2010
Riffenburgh Elementary,ES,2011-12,313,2011
Riffenburgh Elementary,ES,2012-13,335,2012
Riffenburgh Elementary,ES,2013-14,373,2013
Riffenburgh Elementary,ES,2014-15,425,2014
Riffenburgh Elementary,ES,2015-16,470,2015
Riffenburgh Elementary,ES,2016-17,491,2016
Riffenburgh Elementary,ES,2017-18,542,2017
Riffenburgh Elementary,ES,2018-19,556,2018
Riffenburgh Elementary,ES,2019-20,557,2019
Riffenburgh Elementary,ES,2020-21,481,2020
Riffenburgh Elementary,ES,2021-22,458,2021
Riffenburgh Elementary,ES,2022-23,479,2022
Riffenburgh Elementary,ES,2023-24,450,2023
Riffenburgh Elementary,ES,2024-25,443,2024
O'Dea Elementary,ES,2005-06,337,2005
O'Dea Elementary,ES,2006-07,355,2006
O'Dea Elementary,ES,2007-08,345,2007
O'Dea Elementary,ES,2008-09,395,2008
O'Dea Elementary,ES,2009-10,327,2009
O'Dea Elementary,ES,2010-11,336,2010
O'Dea Elementary,ES,2011-12,382,2011
O'Dea Elementary,ES,2012-13,397,2012
O'Dea Elementary,ES,2013-14,412,2013
O'Dea Elementary,ES,2014-15,424,2014
O'Dea Elementary,ES,2015-16,459,2015
O'Dea Elementary,ES,2016-17,446,2016
O'Dea Elementary,ES,2017-18,465,2017
O'Dea Elementary,ES,2018-19,448,2018
O'Dea Elementary,ES,2019-20,467,2019
O'Dea Elementary,ES,2020-21,446,2020
O'Dea Elementary,ES,2021-22,442,2021
O'Dea Elementary,ES,2022-23,429,2022
O'Dea Elementary,ES,2023-24,432,2023
O'Dea Elementary,ES,2024-25,398,2024
Shepardson Elementary,ES,2005-06,484,2005
Shepardson Elementary,ES,2006-07,463,2006
Shepardson Elementary,ES,2007-08,424,2007
Shepardson Elementary,ES,2008-09,403,2008
Shepardson Elementary,ES,2009-10,328,2009
Shepardson Elementary,ES,2010-11,342,2010
Shepardson Elementary,ES,2011-12,347,2011
Shepardson Elementary,ES,2012-13,326,2012
Shepardson Elementary,ES,2013-14,351,2013
Shepardson Elementary,ES,2014-15,364,2014
Shepardson Elementary,ES,2015-16,387,2015
Shepardson Elementary,ES,2016-17,385,2016
Shepardson Elementary,ES,2017-18,406,2017
Shepardson Elementary,ES,2018-19,398,2018
Shepardson Elementary,ES,2019-20,404,2019
Shepardson Elementary,ES,2020-21,406,2020
Shepardson Elementary,ES,2021-22,410,2021
Shepardson Elementary,ES,2022-23,415,2022
Shepardson Elementary,ES,2023-24,424,2023
Shepardson Elementary,ES,2024-25,414,2024
Lopez Elementary,ES,2005-06,486,2005
Lopez Elementary,ES,2006-07,459,2006
Lopez Elementary,ES,2007-08,459,2007
Lopez Elementary,ES,2008-09,450,2008
Lopez Elementary,ES,2009-10,371,2009
Lopez Elementary,ES,2010-11,372,2010
Lopez Elementary,ES,2011-12,382,2011
Lopez Elementary,ES,2012-13,396,2012
Lopez Elementary,ES,2013-14,404,2013
Lopez Elementary,ES,2014-15,411,2014
Lopez Elementary,ES,2015-16,393,2015
Lopez Elementary,ES,2016-17,381,2016
Lopez Elementary,ES,2017-18,375,2017
Lopez Elementary,ES,2018-19,386,2018
Lopez Elementary,ES,2019-20,376,2019
Lopez Elementary,ES,2020-21,349,2020
Lopez Elementary,ES,2021-22,326,2021
Lopez Elementary,ES,2022-23,315,2022
Lopez Elementary,ES,2023-24,319,2023
Lopez Elementary,ES,2024-25,319,2024
Kruse Elementary,ES,2005-06,495,2005
Kruse Elementary,ES,2006-07,476,2006
Kruse Elementary,ES,2007-08,503,2007
Kruse Elementary,ES,2008-09,534,2008
Kruse Elementary,ES,2009-10,468,2009
Kruse Elementary,ES,2010-11,498,2010
Kruse Elementary,ES,2011-12,517,2011
Kruse Elementary,ES,2012-13,515,2012
Kruse Elementary,ES,2013-14,524,2013
Kruse Elementary,ES,2014-15,524,2014
Kruse Elementary,ES,2015-16,520,2015
Kruse Elementary,ES,2016-17,496,2016
Kruse Elementary,ES,2017-18,487,2017
Kruse Elementary,ES,2018-19,472,2018
Kruse Elementary,ES,2019-20,499,2019
Kruse Elementary,ES,2020-21,431,2020
Kruse Elementary,ES,2021-22,430,2021
Kruse Elementary,ES,2022-23,431,2022
Kruse Elementary,ES,2023-24,414,2023
Kruse Elementary,ES,2024-25,369,2024
Werner Elementary,ES,2005-06,465,2005
Werner Elementary,ES,2006-07,461,2006
Werner Elementary,ES,2007-08,498,2007
Werner Elementary,ES,2008-09,512,2008
Werner Elementary,ES,2009-10,462,2009
Werner Elementary,ES,2010-11,502,2010
Werner Elementary,ES,2011-12,560,2011
Werner Elementary,ES,2012-13,560,2012
Werner Elementary,ES,2013-14,555,2013
Werner Elementary,ES,2014-15,541,2014
Werner Elementary,ES,2015-16,538,2015
Werner Elementary,ES,2016-17,489,2016
Werner Elementary,ES,2017-18,525,2017
Werner Elementary,ES,2018-19,506,2018
Werner Elementary,ES,2019-20,482,2019
Werner Elementary,ES,2020-21,416,2020
Werner Elementary,ES,2021-22,392,2021
Werner Elementary,ES,2022-23,392,2022
Werner Elementary,ES,2023-24,350,2023
Werner Elementary,ES,2024-25,358,2024
Timnath Elementary,ES,2005-06,515,2005
Timnath Elementary,ES,2006-07,559,2006
Timnath Elementary,ES,2007-08,577,2007
Timnath Elementary,ES,2008-09,427,2008
Timnath Elementary,ES,2009-10,320,2009
Timnath Elementary,ES,2010-11,303,2010
Timnath Elementary,ES,2011-12,300,2011
Timnath Elementary,ES,2012-13,302,2012
Timnath Elementary,ES,2013-14,299,2013
Timnath Elementary,ES,2014-15,305,2014
Timnath Elementary,ES,2015-16,302,2015
Timnath Elementary,ES,2016-17,350,2016
Timnath Elementary,ES,2017-18,343,2017
Timnath Elementary,ES,2018-19,396,2018
Timnath Elementary,ES,2019-20,424,2019
Timnath Elementary,ES,2020-21,403,2020
Timnath Elementary,ES,2021-22,392,2021
Timnath Elementary,ES,2022-23,415,2022
Timnath Elementary,ES,2023-24,438,2023
Timnath Elementary,ES,2024-25,427,2024
Cache La Poudre Middle,MS,2012-13,322,2012
Cache La Poudre Middle,MS,2013-14,304,2013
Cache La Poudre Middle,MS,2014-15,301,2014
Cache La Poudre Middle,MS,2015-16,324,2015
Cache La Poudre Middle,MS,2016-17,303,2016
Cache La Poudre Middle,MS,2017-18,323,2017
Cache La Poudre Middle,MS,2018-19,310,2018
Cache La Poudre Middle,MS,2019-20,335,2019
Cache La Poudre Middle,MS,2020-21,331,2020
Cache La Poudre Middle,MS,2021-22,330,2021
Cache La Poudre Middle,MS,2022-23,324,2022
Cache La Poudre Middle,MS,2023-24,298,2023
Cache La Poudre Middle,MS,2024-25,280,2024
Cache La Poudre Elementary,ES,2005-06,400,2005
Cache La Poudre Elementary,ES,2006-07,388,2006
Cache La Poudre Elementary,ES,2007-08,371,2007
Cache La Poudre Elementary,ES,2008-09,366,2008
Cache La Poudre Elementary,ES,2009-10,296,2009
Cache La Poudre Elementary,ES,2010-11,288,2010
Cache La Poudre Elementary,ES,2011-12,313,2011
Cache La Poudre Elementary,ES,2012-13,299,2012
Cache La Poudre Elementary,ES,2013-14,314,2013
Cache La Poudre Elementary,ES,2014-15,293,2014
Cache La Poudre Elementary,ES,2015-16,313,2015
Cache La Poudre Elementary,ES,2016-17,313,2016
Cache La Poudre Elementary,ES,2017-18,317,2017
Cache La Poudre Elementary,ES,2018-19,305,2018
Cache La Poudre Elementary,ES,2019-20,328,2019
Cache La Poudre Elementary,ES,2020-21,277,2020
Cache La Poudre Elementary,ES,2021-22,285,2021
Cache La Poudre Elementary,ES,2022-23,282,2022
Cache La Poudre Elementary,ES,2023-24,274,2023
Cache La Poudre Elementary,ES,2024-25,267,2024
Poudre HS,HS,2005-06,1797,2005
Poudre HS,HS,2006-07,1786,2006
Poudre HS,HS,2007-08,1725,2007
Poudre HS,HS,2008-09,1672,2008
Poudre HS,HS,2009-10,1888,2009
Poudre HS,HS,2010-11,1833,2010
Poudre HS,HS,2011-12,1781,2011
Poudre HS,HS,2012-13,1737,2012
Poudre HS,HS,2013-14,1756,2013
Poudre HS,HS,2014-15,1727,2014
Poudre HS,HS,2015-16,1840,2015
Poudre HS,HS,2016-17,1742,2016
Poudre HS,HS,2017-18,1764,2017
Poudre HS,HS,2018-19,1752,2018
Poudre HS,HS,2019-20,1785,2019
Poudre HS,HS,2020-21,1884,2020
Poudre HS,HS,2021-22,1859,2021
Poudre HS,HS,2022-23,1546,2022
Poudre HS,HS,2023-24,1482,2023
Poudre HS,HS,2024-25,1314,2024
Dunn Elementary,ES,2005-06,411,2005
Dunn Elementary,ES,2006-07,433,2006
Dunn Elementary,ES,2007-08,441,2007
Dunn Elementary,ES,2008-09,451,2008
Dunn Elementary,ES,2009-10,410,2009
Dunn Elementary,ES,2010-11,408,2010
Dunn Elementary,ES,2011-12,400,2011
Dunn Elementary,ES,2012-13,412,2012
Dunn Elementary,ES,2013-14,415,2013
Dunn Elementary,ES,2014-15,410,2014
Dunn Elementary,ES,2015-16,410,2015
Dunn Elementary,ES,2016-17,398,2016
Dunn Elementary,ES,2017-18,413,2017
Dunn Elementary,ES,2018-19,408,2018
Dunn Elementary,ES,2019-20,409,2019
Dunn Elementary,ES,2020-21,378,2020
Dunn Elementary,ES,2021-22,383,2021
Dunn Elementary,ES,2022-23,389,2022
Dunn Elementary,ES,2023-24,393,2023
Dunn Elementary,ES,2024-25,392,2024
Centennial HS,Option,2005-06,100,2005
Centennial HS,Option,2006-07,113,2006
Centennial HS,Option,2007-08,127,2007
Centennial HS,Option,2008-09,146,2008
Centennial HS,Option,2009-10,136,2009
Centennial HS,Option,2010-11,150,2010
Centennial HS,Option,2011-12,145,2011
Centennial HS,Option,2012-13,146,2012
Centennial HS,Option,2013-14,139,2013
Centennial HS,Option,2014-15,132,2014
Centennial HS,Option,2015-16,149,2015
Centennial HS,Option,2016-17,150,2016
Centennial HS,Option,2017-18,128,2017
Centennial HS,Option,2018-19,119,2018
Centennial HS,Option,2019-20,107,2019
Centennial HS,Option,2020-21,110,2020
Centennial HS,Option,2021-22,125,2021
Centennial HS,Option,2022-23,136,2022
Centennial HS,Option,2023-24,138,2023
Centennial HS,Option,2024-25,113,2024
Harris Elementary,Option,2005-06,324,2005
Harris Elementary,Option,2006-07,332,2006
Harris Elementary,Option,2007-08,336,2007
Harris Elementary,Option,2008-09,351,2008
Harris Elementary,Option,2009-10,300,2009
Harris Elementary,Option,2010-11,291,2010
Harris Elementary,Option,2011-12,288,2011
Harris Elementary,Option,2012-13,291,2012
Harris Elementary,Option,2013-14,289,2013
Harris Elementary,Option,2014-15,296,2014
Harris Elementary,Option,2015-16,296,2015
Harris Elementary,Option,2016-17,290,2016
Harris Elementary,Option,2017-18,297,2017
Harris Elementary,Option,2018-19,301,2018
Harris Elementary,Option,2019-20,310,2019
Harris Elementary,Option,2020-21,302,2020
Harris Elementary,Option,2021-22,298,2021
Harris Elementary,Option,2022-23,299,2022
Harris Elementary,Option,2023-24,292,2023
Harris Elementary,Option,2024-25,295,2024
Lesher Middle,MS,2005-06,546,2005
Lesher Middle,MS,2006-07,583,2006
Lesher Middle,MS,2007-08,620,2007
Lesher Middle,MS,2008-09,613,2008
Lesher Middle,MS,2009-10,665,2009
Lesher Middle,MS,2010-11,683,2010
Lesher Middle,MS,2011-12,693,2011
Lesher Middle,MS,2012-13,746,2012
Lesher Middle,MS,2013-14,733,2013
Lesher Middle,MS,2014-15,766,2014
Lesher Middle,MS,2015-16,754,2015
Lesher Middle,MS,2016-17,768,2016
Lesher Middle,MS,2017-18,761,2017
Lesher Middle,MS,2018-19,770,2018
Lesher Middle,MS,2019-20,791,2019
Lesher Middle,MS,2020-21,799,2020
Lesher Middle,MS,2021-22,777,2021
Lesher Middle,MS,2022-23,723,2022
Lesher Middle,MS,2023-24,769,2023
Lesher Middle,MS,2024-25,765,2024
Bauder Elementary,ES,2005-06,360,2005
Bauder Elementary,ES,2006-07,336,2006
Bauder Elementary,ES,2007-08,332,2007
Bauder Elementary,ES,2008-09,368,2008
Bauder Elementary,ES,2009-10,322,2009
Bauder Elementary,ES,2010-11,546,2010
Bauder Elementary,ES,2011-12,539,2011
Bauder Elementary,ES,2012-13,523,2012
Bauder Elementary,ES,2013-14,535,2013
Bauder Elementary,ES,2014-15,520,2014
Bauder Elementary,ES,2015-16,496,2015
Bauder Elementary,ES,2016-17,494,2016
Bauder Elementary,ES,2017-18,501,2017
Bauder Elementary,ES,2018-19,520,2018
Bauder Elementary,ES,2019-20,526,2019
Bauder Elementary,ES,2020-21,473,2020
Bauder Elementary,ES,2021-22,476,2021
Bauder Elementary,ES,2022-23,450,2022
Bauder Elementary,ES,2023-24,397,2023
Bauder Elementary,ES,2024-25,401,2024
Blevins Middle,MS,2005-06,518,2005
Blevins Middle,MS,2006-07,529,2006
Blevins Middle,MS,2007-08,538,2007
Blevins Middle,MS,2008-09,551,2008
Blevins Middle,MS,2009-10,550,2009
Blevins Middle,MS,2010-11,526,2010
Blevins Middle,MS,2011-12,511,2011
Blevins Middle,MS,2012-13,505,2012
Blevins Middle,MS,2013-14,545,2013
Blevins Middle,MS,2014-15,557,2014
Blevins Middle,MS,2015-16,598,2015
Blevins Middle,MS,2016-17,582,2016
Blevins Middle,MS,2017-18,649,2017
Blevins Middle,MS,2018-19,614,2018
Blevins Middle,MS,2019-20,627,2019
Blevins Middle,MS,2020-21,553,2020
Blevins Middle,MS,2021-22,543,2021
Blevins Middle,MS,2022-23,503,2022
Blevins Middle,MS,2023-24,419,2023
Blevins Middle,MS,2024-25,362,2024
Rocky Mountain HS,HS,2005-06,1719,2005
Rocky Mountain HS,HS,2006-07,1739,2006
Rocky Mountain HS,HS,2007-08,1741,2007
Rocky Mountain HS,HS,2008-09,1681,2008
Rocky Mountain HS,HS,2009-10,2084,2009
Rocky Mountain HS,HS,2010-11,2001,2010
Rocky Mountain HS,HS,2011-12,1954,2011
Rocky Mountain HS,HS,2012-13,1927,2012
Rocky Mountain HS,HS,2013-14,1934,2013
Rocky Mountain HS,HS,2014-15,1954,2014
Rocky Mountain HS,HS,2015-16,1971,2015
Rocky Mountain HS,HS,2016-17,1978,2016
Rocky Mountain HS,HS,2017-18,1975,2017
Rocky Mountain HS,HS,2018-19,2007,2018
Rocky Mountain HS,HS,2019-20,1998,2019
Rocky Mountain HS,HS,2020-21,2033,2020
Rocky Mountain HS,HS,2021-22,2056,2021
Rocky Mountain HS,HS,2022-23,2015,2022
Rocky Mountain HS,HS,2023-24,2001,2023
Rocky Mountain HS,HS,2024-25,1939,2024
Fort Collins HS,HS,2005-06,1377,2005
Fort Collins HS,HS,2006-07,1226,2006
Fort Collins HS,HS,2007-08,1184,2007
Fort Collins HS,HS,2008-09,1137,2008
Fort Collins HS,HS,2009-10,1714,2009
Fort Collins HS,HS,2010-11,1661,2010
Fort Collins HS,HS,2011-12,1648,2011
Fort Collins HS,HS,2012-13,1553,2012
Fort Collins HS,HS,2013-14,1499,2013
Fort Collins HS,HS,2014-15,1599,2014
Fort Collins HS,HS,2015-16,1621,2015
Fort Collins HS,HS,2016-17,1682,2016
Fort Collins HS,HS,2017-18,1776,2017
Fort Collins HS,HS,2018-19,1812,2018
Fort Collins HS,HS,2019-20,1801,2019
Fort Collins HS,HS,2020-21,1898,2020
Fort Collins HS,HS,2021-22,1935,2021
Fort Collins HS,HS,2022-23,1865,2022
Fort Collins HS,HS,2023-24,1859,2023
Fort Collins HS,HS,2024-25,1786,2024
Boltz Middle,MS,2005-06,770,2005
Boltz Middle,MS,2006-07,686,2006
Boltz Middle,MS,2007-08,649,2007
Boltz Middle,MS,2008-09,636,2008
Boltz Middle,MS,2009-10,641,2009
Boltz Middle,MS,2010-11,592,2010
Boltz Middle,MS,2011-12,570,2011
Boltz Middle,MS,2012-13,542,2012
Boltz Middle,MS,2013-14,614,2013
Boltz Middle,MS,2014-15,623,2014
Boltz Middle,MS,2015-16,580,2015
Boltz Middle,MS,2016-17,589,2016
Boltz Middle,MS,2017-18,590,2017
Boltz Middle,MS,2018-19,604,2018
Boltz Middle,MS,2019-20,627,2019
Boltz Middle,MS,2020-21,645,2020
Boltz Middle,MS,2021-22,621,2021
Boltz Middle,MS,2022-23,579,2022
Boltz Middle,MS,2023-24,564,2023
Boltz Middle,MS,2024-25,551,2024
Olander Elementary,ES,2005-06,418,2005
Olander Elementary,ES,2006-07,395,2006
Olander Elementary,ES,2007-08,390,2007
Olander Elementary,ES,2008-09,382,2008
Olander Elementary,ES,2009-10,347,2009
Olander Elementary,ES,2010-11,367,2010
Olander Elementary,ES,2011-12,419,2011
Olander Elementary,ES,2012-13,446,2012
Olander Elementary,ES,2013-14,427,2013
Olander Elementary,ES,2014-15,431,2014
Olander Elementary,ES,2015-16,430,2015
Olander Elementary,ES,2016-17,429,2016
Olander Elementary,ES,2017-18,409,2017
Olander Elementary,ES,2018-19,417,2018
Olander Elementary,ES,2019-20,399,2019
Olander Elementary,ES,2020-21,339,2020
Olander Elementary,ES,2021-22,339,2021
Olander Elementary,ES,2022-23,316,2022
Olander Elementary,ES,2023-24,323,2023
Olander Elementary,ES,2024-25,294,2024
Linton Elementary,ES,2005-06,510,2005
Linton Elementary,ES,2006-07,503,2006
Linton Elementary,ES,2007-08,488,2007
Linton Elementary,ES,2008-09,500,2008
Linton Elementary,ES,2009-10,415,2009
Linton Elementary,ES,2010-11,447,2010
Linton Elementary,ES,2011-12,439,2011
Linton Elementary,ES,2012-13,430,2012
Linton Elementary,ES,2013-14,420,2013
Linton Elementary,ES,2014-15,446,2014
Linton Elementary,ES,2015-16,449,2015
Linton Elementary,ES,2016-17,430,2016
Linton Elementary,ES,2017-18,406,2017
Linton Elementary,ES,2018-19,411,2018
Linton Elementary,ES,2019-20,384,2019
Linton Elementary,ES,2020-21,339,2020
Linton Elementary,ES,2021-22,337,2021
Linton Elementary,ES,2022-23,302,2022
Linton Elementary,ES,2023-24,266,2023
Linton Elementary,ES,2024-25,265,2024
Johnson Elementary,ES,2005-06,502,2005
Johnson Elementary,ES,2006-07,489,2006
Johnson Elementary,ES,2007-08,489,2007
Johnson Elementary,ES,2008-09,502,2008
Johnson Elementary,ES,2009-10,480,2009
Johnson Elementary,ES,2010-11,452,2010
Johnson Elementary,ES,2011-12,454,2011
Johnson Elementary,ES,2012-13,420,2012
Johnson Elementary,ES,2013-14,413,2013
Johnson Elementary,ES,2014-15,419,2014
Johnson Elementary,ES,2015-16,405,2015
Johnson Elementary,ES,2016-17,401,2016
Johnson Elementary,ES,2017-18,388,2017
Johnson Elementary,ES,2018-19,399,2018
Johnson Elementary,ES,2019-20,403,2019
Johnson Elementary,ES,2020-21,353,2020
Johnson Elementary,ES,2021-22,339,2021
Johnson Elementary,ES,2022-23,326,2022
Johnson Elementary,ES,2023-24,300,2023
Johnson Elementary,ES,2024-25,303,2024
Webber Middle,MS,2005-06,866,2005
Webber Middle,MS,2006-07,833,2006
Webber Middle,MS,2007-08,831,2007
Webber Middle,MS,2008-09,831,2008
Webber Middle,MS,2009-10,793,2009
Webber Middle,MS,2010-11,761,2010
Webber Middle,MS,2011-12,762,2011
Webber Middle,MS,2012-13,791,2012
Webber Middle,MS,2013-14,799,2013
Webber Middle,MS,2014-15,804,2014
Webber Middle,MS,2015-16,786,2015
Webber Middle,MS,2016-17,814,2016
Webber Middle,MS,2017-18,809,2017
Webber Middle,MS,2018-19,778,2018
Webber Middle,MS,2019-20,805,2019
Webber Middle,MS,2020-21,793,2020
Webber Middle,MS,2021-22,738,2021
Webber Middle,MS,2022-23,729,2022
Webber Middle,MS,2023-24,726,2023
Webber Middle,MS,2024-25,729,2024
McGraw Elementary,ES,2005-06,475,2005
McGraw Elementary,ES,2006-07,496,2006
McGraw Elementary,ES,2007-08,519,2007
McGraw Elementary,ES,2008-09,524,2008
McGraw Elementary,ES,2009-10,462,2009
McGraw Elementary,ES,2010-11,494,2010
McGraw Elementary,ES,2011-12,466,2011
McGraw Elementary,ES,2012-13,477,2012
McGraw Elementary,ES,2013-14,475,2013
McGraw Elementary,ES,2014-15,473,2014
McGraw Elementary,ES,2015-16,452,2015
McGraw Elementary,ES,2016-17,441,2016
McGraw Elementary,ES,2017-18,421,2017
McGraw Elementary,ES,2018-19,409,2018
McGraw Elementary,ES,2019-20,410,2019
McGraw Elementary,ES,2020-21,364,2020
McGraw Elementary,ES,2021-22,382,2021
McGraw Elementary,ES,2022-23,371,2022
McGraw Elementary,ES,2023-24,359,2023
McGraw Elementary,ES,2024-25,349,2024
Preston Middle,MS,2005-06,908,2005
Preston Middle,MS,2006-07,810,2006
Preston Middle,MS,2007-08,810,2007
Preston Middle,MS,2008-09,775,2008
Preston Middle,MS,2009-10,746,2009
Preston Middle,MS,2010-11,753,2010
Preston Middle,MS,2011-12,889,2011
Preston Middle,MS,2012-13,1000,2012
Preston Middle,MS,2013-14,1058,2013
Preston Middle,MS,2014-15,1113,2014
Preston Middle,MS,2015-16,1095,2015
Preston Middle,MS,2016-17,1154,2016
Preston Middle,MS,2017-18,1146,2017
Preston Middle,MS,2018-19,1147,2018
Preston Middle,MS,2019-20,1131,2019
Preston Middle,MS,2020-21,1048,2020
Preston Middle,MS,2021-22,982,2021
Preston Middle,MS,2022-23,545,2022
Preston Middle,MS,2023-24,549,2023
Preston Middle,MS,2024-25,568,2024
Eyestone South Elementary,ES,2005-06,315,2005
Eyestone South Elementary,ES,2006-07,331,2006
Eyestone South Elementary,ES,2007-08,332,2007
Eyestone South Elementary,ES,2008-09,380,2008
Eyestone South Elementary,ES,2009-10,345,2009
Eyestone South Elementary,ES,2010-11,360,2010
Eyestone South Elementary,ES,2011-12,385,2011
Eyestone South Elementary,ES,2012-13,394,2012
Eyestone South Elementary,ES,2013-14,423,2013
Eyestone South Elementary,ES,2014-15,450,2014
Eyestone South Elementary,ES,2015-16,461,2015
Eyestone South Elementary,ES,2016-17,504,2016
Eyestone South Elementary,ES,2017-18,550,2017
Eyestone South Elementary,ES,2018-19,566,2018
Eyestone South Elementary,ES,2019-20,551,2019
Eyestone South Elementary,ES,2020-21,531,2020
Eyestone South Elementary,ES,2021-22,517,2021
Eyestone South Elementary,ES,2022-23,555,2022
Eyestone South Elementary,ES,2023-24,534,2023
Eyestone South Elementary,ES,2024-25,524,2024
Eyestone Elementary,ES,2005-06,704,2005
Eyestone Elementary,ES,2006-07,740,2006
Eyestone Elementary,ES,2007-08,512,2007
Eyestone Elementary,ES,2008-09,541,2008
Eyestone Elementary,ES,2009-10,501,2009
Eyestone Elementary,ES,2010-11,458,2010
Eyestone Elementary,ES,2011-12,463,2011
Eyestone Elementary,ES,2012-13,459,2012
Eyestone Elementary,ES,2013-14,443,2013
Eyestone Elementary,ES,2014-15,494,2014
Eyestone Elementary,ES,2015-16,506,2015
Eyestone Elementary,ES,2016-17,562,2016
Eyestone Elementary,ES,2017-18,587,2017
Eyestone Elementary,ES,2018-19,599,2018
Eyestone Elementary,ES,2019-20,603,2019
Eyestone Elementary,ES,2020-21,543,2020
Eyestone Elementary,ES,2021-22,558,2021
Eyestone Elementary,ES,2022-23,555,2022
Eyestone Elementary,ES,2023-24,534,2023
Eyestone Elementary,ES,2024-25,524,2024
Stove Prairie Elementary,ES,2005-06,44,2005
Stove Prairie Elementary,ES,2006-07,50,2006
Stove Prairie Elementary,ES,2007-08,49,2007
Stove Prairie Elementary,ES,2008-09,51,2008
Stove Prairie Elementary,ES,2009-10,40,2009
Stove Prairie Elementary,ES,2010-11,51,2010
Stove Prairie Elementary,ES,2011-12,46,2011
Stove Prairie Elementary,ES,2012-13,45,2012
Stove Prairie Elementary,ES,2013-14,45,2013
Stove Prairie Elementary,ES,2014-15,43,2014
Stove Prairie Elementary,ES,2015-16,49,2015
Stove Prairie Elementary,ES,2016-17,42,2016
Stove Prairie Elementary,ES,2017-18,36,2017
Stove Prairie Elementary,ES,2018-19,34,2018
Stove Prairie Elementary,ES,2019-20,36,2019
Stove Prairie Elementary,ES,2020-21,29,2020
Stove Prairie Elementary,ES,2021-22,37,2021
Stove Prairie Elementary,ES,2022-23,28,2022
Stove Prairie Elementary,ES,2023-24,25,2023
Stove Prairie Elementary,ES,2024-25,30,2024
Red Feather Elementary,ES,2005-06,49,2005
Red Feather Elementary,ES,2006-07,47,2006
Red Feather Elementary,ES,2007-08,40,2007
Red Feather Elementary,ES,2008-09,34,2008
Red Feather Elementary,ES,2009-10,35,2009
Red Feather Elementary,ES,2010-11,31,2010
Red Feather Elementary,ES,2011-12,27,2011
Red Feather Elementary,ES,2012-13,24,2012
Red Feather Elementary,ES,2013-14,36,2013
Red Feather Elementary,ES,2014-15,36,2014
Red Feather Elementary,ES,2015-16,41,2015
Red Feather Elementary,ES,2016-17,43,2016
Red Feather Elementary,ES,2017-18,38,2017
Red Feather Elementary,ES,2018-19,45,2018
Red Feather Elementary,ES,2019-20,44,2019
Red Feather Elementary,ES,2020-21,41,2020
Red Feather Elementary,ES,2021-22,43,2021
Red Feather Elementary,ES,2022-23,35,2022
Red Feather Elementary,ES,2023-24,32,2023
Red Feather Elementary,ES,2024-25,22,2024
Fossil Ridge HS,HS,2005-06,748,2005
Fossil Ridge HS,HS,2006-07,983,2006
Fossil Ridge HS,HS,2007-08,1059,2007
Fossil Ridge HS,HS,2008-09,1201,2008
Fossil Ridge HS,HS,2009-10,1743,2009
Fossil Ridge HS,HS,2010-11,1912,2010
Fossil Ridge HS,HS,2011-12,1953,2011
Fossil Ridge HS,HS,2012-13,2067,2012
Fossil Ridge HS,HS,2013-14,2085,2013
Fossil Ridge HS,HS,2014-15,1930,2014
Fossil Ridge HS,HS,2015-16,1970,2015
Fossil Ridge HS,HS,2016-17,1952,2016
Fossil Ridge HS,HS,2017-18,1992,2017
Fossil Ridge HS,HS,2018-19,2041,2018
Fossil Ridge HS,HS,2019-20,2101,2019
Fossil Ridge HS,HS,2020-21,2162,2020
Fossil Ridge HS,HS,2021-22,2236,2021
Fossil Ridge HS,HS,2022-23,2018,2022
Fossil Ridge HS,HS,2023-24,1935,2023
Fossil Ridge HS,HS,2024-25,1795,2024
Beattie Elementary,ES,2005-06,426,2005
Beattie Elementary,ES,2006-07,390,2006
Beattie Elementary,ES,2007-08,373,2007
Beattie Elementary,ES,2008-09,358,2008
Beattie Elementary,ES,2009-10,289,2009
Beattie Elementary,ES,2010-11,292,2010
Beattie Elementary,ES,2011-12,288,2011
Beattie Elementary,ES,2012-13,288,2012
Beattie Elementary,ES,2013-14,282,2013
Beattie Elementary,ES,2014-15,280,2014
Beattie Elementary,ES,2015-16,294,2015
Beattie Elementary,ES,2016-17,303,2016
Beattie Elementary,ES,2017-18,276,2017
Beattie Elementary,ES,2018-19,291,2018
Beattie Elementary,ES,2019-20,300,2019
Beattie Elementary,ES,2020-21,280,2020
Beattie Elementary,ES,2021-22,265,2021
Beattie Elementary,ES,2022-23,276,2022
Beattie Elementary,ES,2023-24,255,2023
Beattie Elementary,ES,2024-25,243,2024
Kinard Middle,Option,2005-06,428,2005
Kinard Middle,Option,2006-07,724,2006
Kinard Middle,Option,2007-08,781,2007
Kinard Middle,Option,2008-09,856,2008
Kinard Middle,Option,2009-10,800,2009
Kinard Middle,Option,2010-11,781,2010
Kinard Middle,Option,2011-12,761,2011
Kinard Middle,Option,2012-13,775,2012
Kinard Middle,Option,2013-14,774,2013
Kinard Middle,Option,2014-15,807,2014
Kinard Middle,Option,2015-16,822,2015
Kinard Middle,Option,2016-17,806,2016
Kinard Middle,Option,2017-18,813,2017
Kinard Middle,Option,2018-19,826,2018
Kinard Middle,Option,2019-20,839,2019
Kinard Middle,Option,2020-21,814,2020
Kinard Middle,Option,2021-22,830,2021
Kinard Middle,Option,2022-23,748,2022
Kinard Middle,Option,2023-24,766,2023
Kinard Middle,Option,2024-25,762,2024
Rice Elementary,ES,2007-08,317,2007
Rice Elementary,ES,2008-09,316,2008
Rice Elementary,ES,2009-10,329,2009
Rice Elementary,ES,2010-11,347,2010
Rice Elementary,ES,2011-12,373,2011
Rice Elementary,ES,2012-13,401,2012
Rice Elementary,ES,2013-14,400,2013
Rice Elementary,ES,2014-15,439,2014
Rice Elementary,ES,2015-16,444,2015
Rice Elementary,ES,2016-17,461,2016
Rice Elementary,ES,2017-18,458,2017
Rice Elementary,ES,2018-19,444,2018
Rice Elementary,ES,2019-20,439,2019
Rice Elementary,ES,2020-21,400,2020
Rice Elementary,ES,2021-22,475,2021
Rice Elementary,ES,2022-23,455,2022
Rice Elementary,ES,2023-24,424,2023
Rice Elementary,ES,2024-25,401,2024
Bethke Elementary,ES,2008-09,277,2008
Bethke Elementary,ES,2009-10,323,2009
Bethke Elementary,ES,2010-11,363,2010
Bethke Elementary,ES,2011-12,435,2011
Bethke Elementary,ES,2012-13,497,2012
Bethke Elementary,ES,2013-14,543,2013
Bethke Elementary,ES,2014-15,569,2014
Bethke Elementary,ES,2015-16,590,2015
Bethke Elementary,ES,2016-17,616,2016
Bethke Elementary,ES,2017-18,633,2017
Bethke Elementary,ES,2018-19,643,2018
Bethke Elementary,ES,2019-20,638,2019
Bethke Elementary,ES,2020-21,608,2020
Bethke Elementary,ES,2021-22,532,2021
Bethke Elementary,ES,2022-23,554,2022
Bethke Elementary,ES,2023-24,525,2023
Bethke Elementary,ES,2024-25,512,2024
Poudre Community Academy,Option,2009-10,41,2009
Poudre Community Academy,Option,2010-11,50,2010
Poudre Community Academy,Option,2011-12,67,2011
Poudre Community Academy,Option,2012-13,74,2012
Poudre Community Academy,Option,2013-14,65,2013
Poudre Community Academy,Option,2014-15,74,2014
Poudre Community Academy,Option,2015-16,90,2015
Poudre Community Academy,Option,2016-17,107,2016
Poudre Community Academy,Option,2017-18,147,2017
Poudre Community Academy,Option,2018-19,180,2018
Poudre Community Academy,Option,2019-20,213,2019
Poudre Community Academy,Option,2020-21,251,2020
Poudre Community Academy,Option,2021-22,235,2021
Poudre Community Academy,Option,2022-23,218,2022
Poudre Community Academy,Option,2023-24,200,2023
Poudre Community Academy,Option,2024-25,127,2024
Livermore Elementary,ES,2005-06,73,2005
Livermore Elementary,ES,2006-07,71,2006
Livermore Elementary,ES,2007-08,74,2007
Livermore Elementary,ES,2008-09,68,2008
Livermore Elementary,ES,2009-10,44,2009
Livermore Elementary,ES,2010-11,43,2010
Livermore Elementary,ES,2011-12,42,2011
Livermore Elementary,ES,2012-13,33,2012
Livermore Elementary,ES,2013-14,34,2013
Livermore Elementary,ES,2014-15,44,2014
Livermore Elementary,ES,2015-16,41,2015
Livermore Elementary,ES,2016-17,35,2016
Livermore Elementary,ES,2017-18,30,2017
Livermore Elementary,ES,2018-19,36,2018
Livermore Elementary,ES,2019-20,40,2019
Livermore Elementary,ES,2020-21,31,2020
Livermore Elementary,ES,2021-22,29,2021
Livermore Elementary,ES,2022-23,36,2022
Livermore Elementary,ES,2023-24,38,2023
Livermore Elementary,ES,2024-25,36,2024
Traut Elementary,Option,2005-06,526,2005
Traut Elementary,Option,2006-07,527,2006
Traut Elementary,Option,2007-08,525,2007
Traut Elementary,Option,2008-09,525,2008
Traut Elementary,Option,2009-10,468,2009
Traut Elementary,Option,2010-11,468,2010
Traut Elementary,Option,2011-12,453,2011
Traut Elementary,Option,2012-13,451,2012
Traut Elementary,Option,2013-14,449,2013
Traut Elementary,Option,2014-15,451,2014
Traut Elementary,Option,2015-16,451,2015
Traut Elementary,Option,2016-17,447,2016
Traut Elementary,Option,2017-18,448,2017
Traut Elementary,Option,2018-19,455,2018
Traut Elementary,Option,2019-20,450,2019
Traut Elementary,Option,2020-21,448,2020
Traut Elementary,Option,2021-22,447,2021
Traut Elementary,Option,2022-23,447,2022
Traut Elementary,Option,2023-24,440,2023
Traut Elementary,Option,2024-25,440,2024
PSD Global Academy,Option,2014-15,158,2014
PSD Global Academy,Option,2015-16,176,2015
PSD Global Academy,Option,2016-17,196,2016
PSD Global Academy,Option,2017-18,210,2017
PSD Global Academy,Option,2018-19,221,2018
PSD Global Academy,Option,2019-20,263,2019
PSD Global Academy,Option,2020-21,246,2020
PSD Global Academy,Option,2021-22,193,2021
PSD Global Academy,Option,2022-23,189,2022
PSD Global Academy,Option,2023-24,294,2023
PSD Global Academy,Option,2024-25,255,2024
Fort Collins Montessori,Charter,2015-16,64,2015
Fort Collins Montessori,Charter,2016-17,86,2016
Fort Collins Montessori,Charter,2017-18,99,2017
Fort Collins Montessori,Charter,2018-19,98,2018
Fort Collins Montessori,Charter,2019-20,103,2019
Fort Collins Montessori,Charter,2020-21,133,2020
Fort Collins Montessori,Charter,2021-22,0,2021
Liberty Common,Charter,2015-16,1101,2015
Liberty Common,Charter,2016-17,524,2016
Liberty Common,Charter,2017-18,528,2017
Liberty Common,Charter,2018-19,523,2018
Liberty Common,Charter,2019-20,610,2019
Liberty Common,Charter,2020-21,609,2020
Liberty Common,Charter,2021-22,0,2021
Liberty Common JR / SR,Charter,2016-17,604,2016
Liberty Common JR / SR,Charter,2017-18,620,2017
Liberty Common JR / SR,Charter,2018-19,619,2018
Liberty Common JR / SR,Charter,2019-20,538,2019
Liberty Common JR / SR,Charter,2020-21,554,2020
Liberty Common JR / SR,Charter,2021-22,0,2021
Mountain Sage Community,Charter,2015-16,232,2015
Mountain Sage Community,Charter,2016-17,265,2016
Mountain Sage Community,Charter,2017-18,270,2017
Mountain Sage Community,Charter,2018-19,313,2018
Mountain Sage Community,Charter,2019-20,314,2019
Mountain Sage Community,Charter,2020-21,289,2020
Mountain Sage Community,Charter,2021-22,0,2021
Ridgeview Classical,Charter,2015-16,789,2015
Ridgeview Classical,Charter,2016-17,774,2016
Ridgeview Classical,Charter,2017-18,692,2017
Ridgeview Classical,Charter,2018-19,703,2018
Ridgeview Classical,Charter,2019-20,689,2019
Ridgeview Classical,Charter,2020-21,687,2020
Ridgeview Classical,Charter,2021-22,0,2021
Timnath Middle High School,MS / HS,2022-23,1023,2022
Timnath Middle High School,MS / HS,2023-24,1255,2023
Timnath Middle High School,MS / HS,2024-25,1458,2024
Bamford Elementary,ES,2021-22,244,2021
Bamford Elementary,ES,2022-23,271,2022
Bamford Elementary,ES,2023-24,284,2023
Bamford Elementary,ES,2024-25,285,2024
Wellington Middle High School,MS / HS,2022-23,859,2022
Wellington Middle High School,MS / HS,2023-24,1030,2023
Wellington Middle High School,MS / HS,2024-25,1173,2024
