name,long_name,school_type,program,grades,status,sends_to,receives_from,address,lat,lon,capacity,utilization,artic_area,yr_built,cde_code,loc_code,ncessch,nces_name,nces_locale,nces_dist_m,key,nces_lat,nces_lon
Zach Elementary,ZACH ELEMENTARY,ES,Core,K-5,no_change,NA,NA,"3715 Kechter Rd, Fort Collins, CO 80528",40.5081291087544,-105.007188097859,575,0.991304,Fossil Ridge,2002,0477,193,080399001727,Zach Elementary School,12,8,zach elementary,40.5082,-105.0072
Bacon Elementary,BACON ELEMENTARY,ES,NA,K-5,boundary_change,NA,NA,"5844 South Timberline Rd, Fort Collins, CO 80528",40.5036171572186,-105.037593562414,575,0.918261,Fossil Ridge,2003,0490,101,080399001973,Bacon Elementary School,12,9,bacon elementary,40.5037,-105.0376
Tavelli Elementary,TAVELLI ELEMENTARY,ES,NA,K-5,receiving,NA,Putnam Elementary,"1118 Miramont Dr, Fort Collins, CO 80524",40.6152655412862,-105.056364808353,675,0.866667,Poudre,1968,8460,184,080399000547,Tavelli Elementary School,12,19,tavelli elementary,40.6154,-105.0565
Lincoln Middle,LINCOLN MIDDLE SCHOOL,MS,IB,6-8,receiving,NA,Blevins Middle,"1600 Lancer Dr, Fort Collins, CO 80521",40.5995929032727,-105.106896331421,864,0.711806,Poudre,1974,5168,250,080399000536,Lincoln Middle School,12,67,lincoln middle,40.599432,-105.106134
Irish Elementary,IRISH ELEMENTARY,ES,NA,K-5,closing,Cache La Poudre Elementary; Bauder Elementary; Harris Elementary,NA,"515 Irish Dr, Fort Collins, CO 80521",40.594421234897,-105.121930635463,525,0.64,Poudre,1968,4282,130,080399000533,Irish Elementary School,12,6,irish elementary,40.5944,-105.122
Putnam Elementary,PUTNAM ELEMENTARY,ES,Science,K-5,closing,Dunn Elementary; Tavelli Elementary,NA,"1400 Maple St, Fort Collins, CO 80521",40.5917317395256,-105.102075411639,550,0.512727,Poudre,1956,7218,169,080399000542,Putnam Elementary School,12,17,putnam elementary,40.5918,-105.1019
Fullana Elementary,FULLANA ELEMENTARY,PreK,NA,PreK,no_change,NA,NA,"220 N Grant Ave, Fort Collins, CO 80521",40.5896486026481,-105.088812170855,0,0,Districtwide,1975, ,197,NA,NA,NA,NA,fullana elementary,NA,NA
Polaris Expeditionary Learning School,POLARIS EXPEDITIONARY LEARNING SCHOOL,Option,NA,K-5,no_change,NA,NA,"1905 Orchard Pl, Fort Collins, CO 80521",40.5781135048363,-105.111344480841,150,2.62,Districtwide,1956,3791,505,080399006334,Polaris Expeditionary Learning School,12,2,polaris expeditionary learning,40.578129,-105.111343
Laurel Elementary,LAUREL ELEMENTARY,ES,NA,K-5,no_change,NA,NA,"1000 Locust Ct, Fort Collins, CO 80524",40.5759064463161,-105.062387890125,525,0.881905,Fort Collins,1993,5014,142,080399000583,Laurel Elementary School,12,10,laurel elementary,40.5759,-105.0625
Bennett Elementary,BENNETT ELEMENTARY,ES,IB,K-5,receiving,NA,Beattie Elementary,"1125 Bennett Rd, Fort Collins, CO 80521",40.5690119725578,-105.098363449201,550,0.874545,Rocky Mountain,1963,0766,109,080399000521,Bennett Elementary School,12,58,bennett elementary,40.5689,-105.0977
Riffenburgh Elementary,RIFFENBURGH ELEMENTARY,ES,IB,K-5,no_change,NA,NA,"1320 E Stuart St, Fort Collins, CO 80525",40.5635459694486,-105.052687928887,500,1.112,Fort Collins,1968,7350,175,080399000544,Riffenburgh Elementary School,12,9,riffenburgh elementary,40.5635,-105.0526
O'Dea Elementary,O'DEA ELEMENTARY,ES,Core,K-5,no_change,NA,NA,"312 Princeton Rd, Fort Collins, CO 80526",40.5549227577021,-105.071995081075,475,0.943158,Fort Collins,1964,6476,163,080399000539,O'Dea Elementary School,12,18,odea elementary,40.5549,-105.0722
Shepardson Elementary,SHEPARDSON ELEMENTARY,ES,STEM,K-5,no_change,NA,NA,"1501 Springwood Dr, Fort Collins, CO 80525",40.541919898891,-105.050794103472,500,0.796,Fort Collins,1978,7834,178,080399001280,Shepardson Elementary School,12,2,shepardson elementary,40.5419,-105.0508
Lopez Elementary,LOPEZ ELEMENTARY,ES,NA,K-5,receiving,NA,Beattie Elementary,"637 Wabash St, Fort Collins, CO 80526",40.5317450103297,-105.088620862476,625,0.6176,Rocky Mountain,1986,5292,151,080399001409,Lopez Elementary School,12,9,lopez elementary,40.5318,-105.0887
Kruse Elementary,KRUSE ELEMENTARY,ES,NA,K-5,no_change,NA,NA,"4400 McMurry Ave, Fort Collins, CO 80525",40.5263616990023,-105.04755460973,525,0.899048,Fort Collins,1992,4793,136,080399000147,Kruse Elementary School,12,8,kruse elementary,40.5263,-105.0475
Werner Elementary,WERNER ELEMENTARY,ES,NA,K-5,no_change,NA,NA,"5402 Mail Creek Ln, Fort Collins, CO 80525",40.5125925339306,-105.066654475384,525,0.96380999999999994,Fossil Ridge,1987,9380,190,080399001440,Werner Elementary School,12,13,werner elementary,40.5126,-105.0665
Timnath Elementary,TIMNATH ELEMENTARY,ES,NA,K-5,closing,Linton Elementary; Bamford Elementary,NA,"3909 Main Street, Timnath, CO 80547",40.5325422844351,-104.983080841344,525,0.754286,Fossil Ridge,1919,8852,187,080399000548,Timnath Elementary School,21,7,timnath elementary,40.5326,-104.9831
Cache La Poudre Middle,CACHE LA POUDRE MIDDLE,MS,IB,6-8,no_change,NA,NA,"3511 N Us Hwy 287, Laporte, CO 80535",40.6266703186825,-105.144373573276,456,0.894737,Poudre,1949,1190,230,080399000524,Cache La Poudre Middle School,21,27,cache la poudre middle,40.6268,-105.1441
Cache La Poudre Elementary,CACHE LA POUDRE ELEMENTARY,ES,IB,K-5,receiving,NA,Irish Elementary; Livermore Elementary; Red Feather Elementary; Stove Prairie Elementary,"3511 County Road 54G, Laporte, CO 80535",40.626610978691,-105.143072095706,525,0.580952,Poudre,1963,1186,115,080399000525,Cache La Poudre Elementary School,21,6,cache la poudre elementary,40.6266,-105.143
Poudre HS,POUDRE HIGH SCHOOL,HS,NA,9-12,no_change,NA,NA,"201 N Impala Dr, Fort Collins, CO 80521",40.5865325519592,-105.121740966241,1658,1.05669,Poudre,1962,7124,350,080399000541,Poudre High School,12,22,poudre high,40.5866,-105.1215
Dunn Elementary,DUNN ELEMENTARY,ES,IB,K-5,receiving,NA,Putnam Elementary,"501 S Washington Ave, Fort Collins, CO 80521",40.5809073272102,-105.092204110285,400,1.02,Poudre,1949,2298,121,080399000526,Dunn Elementary School,12,14,dunn elementary,40.5808,-105.0923
Centennial HS,CENTENNIAL SR HIGH,Option,NA,7-12,consolidating,Poudre Community Academy,NA,"330 E Laurel St, Fort Collins, CO 80524",40.5784319421112,-105.072897807611,250,0.476,Districtwide,1907,3760,330,080399000517,Centennial High School,12,51,centennial high,40.5784,-105.0735
Harris Elementary,HARRIS BILINGUAL IMMERSION,Option,Bilingual,K-5,receiving,NA,Irish Elementary,"501 Garfield St, Fort Collins, CO 80524",40.5738856668663,-105.069527678586,375,0.802667,Districtwide,1919,3787,112,080399000573,Harris Bilingual Elementary School,12,23,harris elementary,40.5739,-105.0698
Lesher Middle,LESHER MIDDLE SCHOOL,MS,IB,6-8,no_change,NA,NA,"1400 Stover St, Fort Collins, CO 80524",40.5685909409692,-105.066182237584,792,0.972222,Fort Collins,1960,5068,240,080399001408,Lesher Middle School,12,12,lesher middle,40.5687,-105.0662
Bauder Elementary,BAUDER ELEMENTARY,ES,NA,K-5,receiving,NA,Irish Elementary,"2345 W Prospect Rd, Fort Collins, CO 80526",40.5668741576594,-105.121527731211,700,0.742857,Rocky Mountain,1968,0612,103,080399000519,Bauder Elementary School,12,7,bauder elementary,40.5669,-105.1216
PSD Global Academy,BARTON EARLY CHILDHOOD CENTER,PreK,NA,PreK,no_change,NA,NA,"703 E Prospect Rd, Fort Collins, CO 80525",40.5665642994443,-105.067033123434,0,0,Districtwide,1957, ,198,080399006431,PSD Global Academy,12,10,psd global academy,40.566564,-105.066913
Blevins Middle,BLEVINS MIDDLE SCHOOL,MS,NA,6-8,closing,Webber Middle; Lincoln Middle,NA,"2101 S Taft Hill Rd, Fort Collins, CO 80526",40.5594144537278,-105.116120122128,840,0.730952,Rocky Mountain,1968,0892,210,080399000522,Blevins Middle School,12,14,blevins middle,40.5595,-105.116
Rocky Mountain HS,ROCKY MOUNTAIN SR HIGH,HS,NA,7-12,no_change,NA,NA,"1300 W Swallow Rd, Fort Collins, CO 80526",40.5472409020787,-105.099596377946,2053,0.977594,Rocky Mountain,1973,7470,360,080399000545,Rocky Mountain High School,12,7,rocky mountain high,40.5473,-105.0996
Fort Collins HS,FORT COLLINS SR HIGH,HS,NA,7-12,no_change,NA,NA,"3400 S Timberline Rd, Fort Collins, CO 80525",40.5406958283509,-105.036898292336,1734,1.04498,Fort Collins,1995,3046,340,080399000528,Fort Collins High School,12,67,fort collins high,40.5403,-105.0363
Boltz Middle,BOLTZ MIDDLE SCHOOL,MS,NA,6-8,no_change,NA,NA,"720 Boltz Dr, Fort Collins, CO 80525",40.5424843422801,-105.062528838918,840,0.719048,Fort Collins,1972,0898,220,080399000523,Boltz Middle School,12,23,boltz middle,40.5425,-105.0628
Olander Elementary,OLANDER ELEMENTARY,ES,NA,K-5,receiving,NA,Johnson Elementary,"3401 Auntie Stone St, Fort Collins, CO 80526",40.5395530154922,-105.120665593273,525,0.794286,Rocky Mountain,1990,6482,166,080399006161,Olander Elementary School,12,8,olander elementary,40.5396,-105.1206
Linton Elementary,LINTON ELEMENTARY,ES,NA,K-5,receiving,NA,Timnath Elementary,"4100 Caribou Dr, Fort Collins, CO 80525",40.5324859541326,-105.031386998399,525,0.782857,Fort Collins,1988,5196,145,080399001498,Linton Elementary School,12,10,linton elementary,40.5325,-105.0315
Johnson Elementary,JOHNSON ELEMENTARY,ES,NA,K-5,closing,Olander Elementary; McGraw Elementary,NA,"4101 Seneca St, Fort Collins, CO 80526",40.5303426125183,-105.103478894841,625,0.6384,Rocky Mountain,1988,4456,133,080399001480,Johnson Elementary School,12,5,johnson elementary,40.5303,-105.1035
Webber Middle,WEBBER MIDDLE SCHOOL,MS,NA,6-8,receiving,NA,Blevins Middle,"4201 Seneca St, Fort Collins, CO 80526",40.5275635286322,-105.104919581577,984,0.79065,Rocky Mountain,1990,9330,270,080399006162,Webber Middle School,12,10,webber middle,40.5275,-105.105
McGraw Elementary,MCGRAW ELEMENTARY,ES,IB,K-5,receiving,NA,Johnson Elementary,"4800 Hinsdale Dr, Fort Collins, CO 80526",40.5209952517656,-105.086603087875,525,0.779048,Rocky Mountain,1992,5688,154,080399000165,McGraw Elementary School,12,11,mcgraw elementary,40.5209,-105.0866
Preston Middle,PRESTON MIDDLE SCHOOL,MS,NA,6-8,no_change,NA,NA,"4901 Corbett Dr, Fort Collins, CO 80528",40.5185325200664,-105.025268682487,960,1.19479,Fossil Ridge,1994,7161,260,080399001091,Preston Middle School,12,9,preston middle,40.5186,-105.0252
Eyestone South Elementary,EYESTONE SOUTH ELEMENTARY SCHOOL,ES,NA,K-5,no_change,NA,NA,"4001 Wilson Ave, Wellington, CO 80549",40.7086754742907,-105.002033045099,456,1.24123,Poudre,1993,9374,280,NA,NA,NA,NA,eyestone south elementary,NA,NA
Eyestone Elementary,EYESTONE ELEMENTARY,ES,NA,K-5,no_change,NA,NA,"4000 Wilson Ave, Wellington, CO 80549",40.7103814565398,-105.001627125489,700,0.855714,Poudre,1973,9370,124,080399000527,Eyestone Elementary School,31,15,eyestone elementary,40.7105,-105.0017
Stove Prairie Elementary,STOVE PRAIRIE ELEMENTARY,ES,NA,K-5,closing,Cache La Poudre Elementary,NA,"3891 Stove Prairie Rd, Bellvue, CO 80512",40.619723801892,-105.357705131465,100,0.34,Poudre,1896,8318,181,NA,NA,NA,NA,stove prairie elementary,NA,NA
Red Feather Elementary,RED FEATHER ELEMENTARY,ES,NA,K-5,closing,Cache La Poudre Elementary,NA,"505 North Cr 73C, Red Feather, CO 80545",40.7999887018317,-105.610533531998,100,0.45,Poudre,1985,7290,172,NA,NA,NA,NA,red feather elementary,NA,NA
Fossil Ridge HS,FOSSIL RIDGE HIGH SCHOOL,HS,NA,7-12,no_change,NA,NA,"5400 Zeigler Rd, Fort Collins, CO 85026",40.5144216316843,-105.015553618323,1964,1.03921,Fossil Ridge,2004,3105,345,080399001848,Fossil Ridge High School,12,20,fossil ridge high,40.5146,-105.0156
Beattie Elementary,BEATTIE ELEMENTARY,ES,NA,K-5,closing,Lopez Elementary; Bennett Elementary,NA,"300 Meadowlark Ave, Fort Collins, CO 80526",40.5471584724083,-105.085041793675,525,0.554286,Rocky Mountain,1972,0678,106,080399000520,Beattie Elementary School,12,2,beattie elementary,40.547143,-105.085026
Kinard Middle,KINARD MIDDLE SCHOOL,Option,Core,6-8,no_change,NA,NA,"3002 E Trilby Rd, Fort Collins, CO 80528",40.504288226329,-105.022253968974,864,0.956019,Districtwide,2006,4698,235,080399001849,Kinard Core Knowledge Middle School,12,39,kinard middle,40.5043,-105.0218
Rice Elementary,RICE ELEMENTARY,ES,NA,K-5,no_change,NA,NA,"7000 3Rd Street, Wellington, CO 80549",40.6875315742831,-105.00354295896,575,0.772174,Poudre,2007,7325,174,080399006315,Rice Elementary School,31,10,rice elementary,40.687609,-105.003611
Bethke Elementary,BETHKE ELEMENTARY,ES,NA,K-5,no_change,NA,NA,"5100 School House Drive, Timnath, CO 80547",40.5146279923444,-104.950907083222,575,1.11826,Fossil Ridge,2008,0498,110,080399006380,Bethke Elementary School,21,16,bethke elementary,40.51449,-104.950967
Poudre Community Academy,POUDRE COMMUNITY ACADEMY,Option,NA,9-12,consolidating,Centennial HS,NA,"2540 Laporte Avenue, Fort Collins, CO 80521",40.5898228818657,-105.124364603826,0,0,Districtwide,1906,7127,602,080399001938,Poudre Community Academy,12,32,poudre community academy,40.5897,-105.1247
Livermore Elementary,LIVERMORE ELEMENTARY,ES,NA,K-5,closing,Cache La Poudre Elementary,NA,"360 Red Feather Lakes Rd, Livermore, CO 80536",40.7944118797116,-105.222307352901,100,0.36,Poudre,1953,5234,148,NA,NA,NA,NA,livermore elementary,NA,NA
Traut Elementary,TRAUT CORE KNOWLEDGE,Option,Core,K-5,no_change,NA,NA,"2515 Timberwood Dr, Fort Collins, CO 80528",40.5188313329909,-105.028865769771,500,0.91,Districtwide,1998,9251,188,080399000606,Traut Core Elementary School,12,12,traut elementary,40.5188,-105.029
PSD Global Academy,PSD GLOBAL ACADEMY,Option,NA,K-12,no_change,NA,NA,"703 E Prospect Rd, Fort Collins, CO 80525",40.5665632811479,-105.066759736535,0,0,Districtwide,1957,7198,461,080399006431,PSD Global Academy,12,13,psd global academy,40.566564,-105.066913
Fort Collins Montessori,FORT COLLINS MONTESSORI,Charter,NA,PK-9,no_change,NA,NA,"1109 W Harmony Rd, Fort Collins, CO 80526",40.523028775135,-105.097311384882,0,0,Charter,0,3242, ,080399006613,Fort Collins Montessori School,12,4,fort collins montessori,40.522996,-105.097336
Liberty Common,LIBERTY COMMON ELEMENTARY,Charter,NA,K-6,no_change,NA,NA,"1725 Sharp Point Dr, Fort Collins, CO 80525",40.5633443084402,-105.030435511198,0,0,Charter,0,5120, ,080399001608,Liberty Common Charter School,12,52,liberty common,40.5638,-105.0306
Liberty Common JR / SR,LIBERTY COMMON HIGH SCHOOL,Charter,NA,7-12,no_change,NA,NA,"2745 Minnesota Dr, Fort Collins, CO 80525",40.5502399059597,-105.033178712826,0,0,Charter,0,5120, ,080399001608,Liberty Common Charter School,12,1522,liberty common,40.5638,-105.0306
Mountain Sage Community,MOUNTAIN SAGE COMMUNITY SCHOOL,Charter,NA,K-8,no_change,NA,NA,"2310 E Prospect Rd Ste A, Fort Collins, CO 80525",40.5679486753342,-105.035122339377,0,0,Charter,0,5917, ,080399006573,Mountain Sage Community School,41,30,mountain sage community,40.567696,-105.035234
Ridgeview Classical,RIDGEVIEW CLASSICAL,Charter,NA,K-12,no_change,NA,NA,"1800 South Lemay, Fort Collins, CO 80525",40.5628990538778,-105.057231012986,0,0,Charter,0,0146, ,080399001717,Ridgeview Classical Schools,12,12,ridgeview classical,40.5628,-105.0573
Timnath Middle High School,TIMNATH MIDDLE-HIGH SCHOOL,MS / HS,NA,6-12,no_change,NA,NA,"4700 E Prospect Rd, Timnath, CO 80535",40.568728541656,-104.990112322007,0,0,Timnath,2022, , ,080399006866,Timnath Middle-High School,41,62,timnath middle high,40.568597,-104.989396
Bamford Elementary,BAMFORD ELEMENTARY SCHOOL,ES,NA,K-5,receiving,NA,Timnath Elementary,"6055 Travers Stakes Way, Loveland, CO 80538",40.4622642294268,-104.985747239823,600,0,Timnath,2021, , ,080399006827,Bamford Elementary School,41,65,bamford elementary,40.462348,-104.984984
Wellington Middle High School,WELLINGTON MIDDLE HIGH SCHOOL,MS / HS,NA,6-12,no_change,NA,NA,"2856 Cleveland Avenue, Wellington, CO 80549",40.7060538026639,-105.024384384541,0,0,Wellington,2022, , ,080399000551,Wellington Middle-High School,31,1913,wellington middle high,40.7086,-105.002
