level,name,status,total_2000,total_2010,total_2020,under18_2000,under18_2010,under18_2020,total_chg_2000_2010,total_chg_2010_2020,total_pct_2000_2020,under18_chg_2000_2010,under18_chg_2010_2020,under18_pct_2000_2020,under18_pct_2010_2020,share_under18_2000,share_under18_2020
District,Poudre School District R-1,district,158166,184601,220985,35625,37620,42519,26435,36384,39.7,1995,4899,19.4,13,22.5,19.2
ES,Bacon Elementary,boundary_change,167,4118,6052,63,1385,1855,3951,1934,3524,1322,470,2844.4,33.9,37.7,30.7
ES,Bamford Elementary,receiving,2609,6239,6738,745,1700,1491,3630,499,158.3,955,-209,100.1,-12.3,28.6,22.1
ES,Bauder Elementary,receiving,13621,13846,14295,2629,2137,2305,225,449,4.9,-492,168,-12.3,7.9,19.3,16.1
ES,Beattie Elementary,closing,6476,6670,6854,1669,1325,1348,194,184,5.8,-344,23,-19.2,1.7,25.8,19.7
ES,Bennett Elementary,receiving,12342,12787,14118,1972,1416,1646,445,1331,14.4,-556,230,-16.5,16.2,16,11.7
ES,Bethke Elementary,no_change,33,345,3985,7,146,1577,312,3640,11975.8,139,1431,22428.6,980.1,21.2,39.6
ES,Cache La Poudre Elementary,receiving,7529,8081,8042,1778,1569,1362,552,-39,6.8,-209,-207,-23.4,-13.2,23.6,16.9
ES,Dunn Elementary,receiving,12184,12322,15079,904,723,767,138,2757,23.8,-181,44,-15.2,6.1,7.4,5.1
ES,Eyestone Elementary,no_change,4058,7252,10466,1113,1947,2785,3194,3214,157.9,834,838,150.2,43,27.4,26.6
ES,Irish Elementary,closing,6185,5999,6181,1547,1345,1262,-186,182,-0.1,-202,-83,-18.4,-6.2,25,20.4
ES,Johnson Elementary,closing,4394,5373,5618,1370,1493,1294,979,245,27.9,123,-199,-5.5,-13.3,31.2,23
ES,Kruse Elementary,no_change,7971,9505,9891,2105,2130,1876,1534,386,24.1,25,-254,-10.9,-11.9,26.4,19
ES,Laurel Elementary,no_change,7869,9176,12269,1228,1614,1972,1307,3093,55.9,386,358,60.6,22.2,15.6,16.1
ES,Linton Elementary,receiving,4876,5463,5893,1677,1699,1570,587,430,20.9,22,-129,-6.4,-7.6,34.4,26.6
ES,Livermore Elementary,closing,1106,1408,1564,227,218,238,302,156,41.4,-9,20,4.8,9.2,20.5,15.2
ES,Lopez Elementary,receiving,5736,5881,6150,1679,1423,1379,145,269,7.2,-256,-44,-17.9,-3.1,29.3,22.4
ES,McGraw Elementary,receiving,5866,5779,6042,1849,1375,1236,-87,263,3,-474,-139,-33.2,-10.1,31.5,20.5
ES,O'Dea Elementary,no_change,10603,9958,11637,1802,1517,1793,-645,1679,9.8,-285,276,-0.5,18.2,17,15.4
ES,Olander Elementary,receiving,4776,4699,4679,1436,1184,1096,-77,-20,-2,-252,-88,-23.7,-7.4,30.1,23.4
ES,Putnam Elementary,closing,7756,7358,8405,1661,1506,1452,-398,1047,8.4,-155,-54,-12.6,-3.6,21.4,17.3
ES,Red Feather Elementary,closing,1320,1402,1692,186,143,178,82,290,28.2,-43,35,-4.3,24.5,14.1,10.5
ES,Rice Elementary,no_change,2012,2922,4675,626,899,1322,910,1753,132.4,273,423,111.2,47.1,31.1,28.3
ES,Riffenburgh Elementary,no_change,7523,9504,13711,1588,1690,2554,1981,4207,82.3,102,864,60.8,51.1,21.1,18.6
ES,Shepardson Elementary,no_change,5926,6075,6184,1682,1440,1281,149,109,4.4,-242,-159,-23.8,-11,28.4,20.7
ES,Stove Prairie Elementary,closing,693,752,664,147,120,99,59,-88,-4.2,-27,-21,-32.7,-17.5,21.2,14.9
ES,Tavelli Elementary,receiving,4888,6469,8440,1256,1556,1855,1581,1971,72.7,300,299,47.7,19.2,25.7,22
ES,Timnath Elementary,closing,2801,3804,6599,757,836,1530,1003,2795,135.6,79,694,102.1,83,27,23.2
ES,Werner Elementary,no_change,6750,8007,8822,1900,1803,1639,1257,815,30.7,-97,-164,-13.7,-9.1,28.1,18.6
ES,Zach Elementary,no_change,97,3408,6237,22,1282,1758,3311,2829,6329.9,1260,476,7890.9,37.1,22.7,28.2
HS,Fort Collins HS,no_change,43763,48588,58649,9780,9811,10761,4825,10061,34,31,950,10,9.7,22.3,18.3
HS,Fossil Ridge HS,no_change,11091,23766,30160,3201,6774,7359,12675,6394,171.9,3573,585,129.9,8.6,28.9,24.4
HS,Poudre HS,no_change,44301,46139,51165,7805,7161,7233,1838,5026,15.5,-644,72,-7.3,1,17.6,14.1
HS,Rocky Mountain HS,no_change,49090,50735,54304,12065,9838,9754,1645,3569,10.6,-2227,-84,-19.2,-0.9,24.6,18
HS,Timnath Middle High School,no_change,2834,4149,10584,764,982,3107,1315,6435,273.5,218,2125,306.7,216.4,27,29.4
HS,Wellington Middle High School,no_change,7086,11221,16118,2010,3053,4305,4135,4897,127.5,1043,1252,114.2,41,28.4,26.7
MS,Blevins Middle,closing,31557,32261,34942,6746,5196,5514,704,2681,10.7,-1550,318,-18.3,6.1,21.4,15.8
MS,Boltz Middle,no_change,20446,21411,23043,5231,4804,4527,965,1632,12.7,-427,-277,-13.5,-5.8,25.6,19.6
MS,Cache La Poudre Middle,no_change,11367,12223,12698,2516,2188,2028,856,475,11.7,-328,-160,-19.4,-7.3,22.1,16
MS,Lesher Middle,no_change,20901,22969,28125,3812,3733,4616,2068,5156,34.6,-79,883,21.1,23.7,18.2,16.4
MS,Lincoln Middle,receiving,35350,38124,45948,6025,6247,6823,2774,7824,30,222,576,13.2,9.2,17,14.8
MS,Preston Middle,no_change,11092,23768,30162,3201,6775,7359,12676,6394,171.9,3574,584,129.9,8.6,28.9,24.4
MS,Timnath Middle High School,no_change,2834,4149,10586,764,982,3108,1315,6437,273.5,218,2126,306.8,216.5,27,29.4
MS,Webber Middle,receiving,17533,18474,19362,5319,4643,4239,941,888,10.4,-676,-404,-20.3,-8.7,30.3,21.9
MS,Wellington Middle High School,no_change,7086,11221,16118,2010,3053,4305,4135,4897,127.5,1043,1252,114.2,41,28.4,26.7
